{
  "project_info": {
    "project_number": "299992158582",
    "project_id": "chatapp-d09a9",
    "storage_bucket": "chatapp-d09a9.appspot.com"
  },
  "client": [
    {
      "client_info": {
        "mobilesdk_app_id": "1:299992158582:android:b655d08a9618c16cf02a57",
        "android_client_info": {
          "package_name": "com.example.chatapp"
        }
      },
      "oauth_client": [],
      "api_key": [
        {
          "current_key": "AIzaSyAhpkq5rM0shvVKM1dSiYuxDUnc6bsnRr8"
        }
      ],
      "services": {
        "appinvite_service": {
          "other_platform_oauth_client": []
        }
      }
    }
  ],
  "configuration_version": "1"
}